date,outlet_id,raw_material_id,forecast,spoilage,safety_stock,total_required,current_inventory,net_required,procurement_quantity,daily_sales_velocity,avg_shelf_life_days,area,raw_material_name
14-07-2025 00:00,OUT001,RM000,98,2,25,125,182,0,179,61,5,BTM,Bun
15-07-2025 00:00,OUT001,RM000,84,2,34,120,57,63,0,61,5,BTM,Bun
16-07-2025 00:00,OUT001,RM000,16,2,33,51,0,51,0,61,5,BTM,Bun
17-07-2025 00:00,OUT001,RM000,30,2,33,65,0,65,297,61,5,BTM,Bun
18-07-2025 00:00,OUT001,RM000,55,2,41,98,0,98,0,61,5,BTM,Bun
19-07-2025 00:00,OUT001,RM000,91,2,45,138,0,138,0,61,5,BTM,Bun
20-07-2025 00:00,OUT001,RM000,25,2,34,61,0,61,0,61,5,BTM,Bun
14-07-2025 00:00,OUT001,RM001,82,2,25,109,214,0,136,70,7,BTM,Veg Patty
15-07-2025 00:00,OUT001,RM001,16,1,24,41,105,0,0,70,7,BTM,Veg Patty
16-07-2025 00:00,OUT001,RM001,89,1,34,124,64,60,0,70,7,BTM,Veg Patty
17-07-2025 00:00,OUT001,RM001,44,1,31,76,0,76,171,70,7,BTM,Veg Patty
18-07-2025 00:00,OUT001,RM001,14,1,32,47,0,47,0,70,7,BTM,Veg Patty
19-07-2025 00:00,OUT001,RM001,17,1,34,52,0,52,0,70,7,BTM,Veg Patty
20-07-2025 00:00,OUT001,RM001,27,1,44,72,0,72,0,70,7,BTM,Veg Patty
14-07-2025 00:00,OUT001,RM002,25,2,30,57,187,0,176,66,7,BTM,Chicken Patty
15-07-2025 00:00,OUT001,RM002,77,2,36,115,130,0,0,66,7,BTM,Chicken Patty
16-07-2025 00:00,OUT001,RM002,55,2,33,90,15,75,0,66,7,BTM,Chicken Patty
17-07-2025 00:00,OUT001,RM002,70,2,29,101,0,101,337,66,7,BTM,Chicken Patty
18-07-2025 00:00,OUT001,RM002,74,2,30,106,0,106,0,66,7,BTM,Chicken Patty
19-07-2025 00:00,OUT001,RM002,94,2,22,118,0,118,0,66,7,BTM,Chicken Patty
20-07-2025 00:00,OUT001,RM002,86,2,25,113,0,113,0,66,7,BTM,Chicken Patty
14-07-2025 00:00,OUT001,RM003,91,0,33,124,154,0,155,63,4,BTM,Lettuce
15-07-2025 00:00,OUT001,RM003,23,2,33,58,30,28,0,63,4,BTM,Lettuce
16-07-2025 00:00,OUT001,RM003,38,2,31,71,0,71,0,63,4,BTM,Lettuce
17-07-2025 00:00,OUT001,RM003,19,2,35,56,0,56,324,63,4,BTM,Lettuce
18-07-2025 00:00,OUT001,RM003,64,2,42,108,0,108,0,63,4,BTM,Lettuce
19-07-2025 00:00,OUT001,RM003,71,2,43,116,0,116,0,63,4,BTM,Lettuce
20-07-2025 00:00,OUT001,RM003,55,2,43,100,0,100,0,63,4,BTM,Lettuce
14-07-2025 00:00,OUT001,RM004,30,2,51,83,189,0,237,36,3,BTM,Tomato
15-07-2025 00:00,OUT001,RM004,50,1,49,100,106,0,0,36,3,BTM,Tomato
16-07-2025 00:00,OUT001,RM004,77,1,48,126,6,120,0,36,3,BTM,Tomato
17-07-2025 00:00,OUT001,RM004,78,1,38,117,0,117,294,36,3,BTM,Tomato
18-07-2025 00:00,OUT001,RM004,66,1,33,100,0,100,0,36,3,BTM,Tomato
19-07-2025 00:00,OUT001,RM004,55,1,26,82,0,82,0,36,3,BTM,Tomato
20-07-2025 00:00,OUT001,RM004,87,1,24,112,0,112,0,36,3,BTM,Tomato
14-07-2025 00:00,OUT001,RM005,24,2,46,72,202,0,172,47,8,BTM,Onion
15-07-2025 00:00,OUT001,RM005,43,2,53,98,130,0,0,47,8,BTM,Onion
16-07-2025 00:00,OUT001,RM005,82,2,57,141,32,109,0,47,8,BTM,Onion
17-07-2025 00:00,OUT001,RM005,13,2,48,63,0,63,294,47,8,BTM,Onion
18-07-2025 00:00,OUT001,RM005,70,2,50,122,0,122,0,47,8,BTM,Onion
19-07-2025 00:00,OUT001,RM005,51,2,43,96,0,96,0,47,8,BTM,Onion
20-07-2025 00:00,OUT001,RM005,35,2,39,76,0,76,0,47,8,BTM,Onion
14-07-2025 00:00,OUT001,RM006,38,2,36,76,171,0,119,48,15,BTM,Cheese Slice
15-07-2025 00:00,OUT001,RM006,47,1,32,80,95,0,0,48,15,BTM,Cheese Slice
16-07-2025 00:00,OUT001,RM006,32,1,34,67,15,52,0,48,15,BTM,Cheese Slice
17-07-2025 00:00,OUT001,RM006,33,1,33,67,0,67,283,48,15,BTM,Cheese Slice
18-07-2025 00:00,OUT001,RM006,30,1,31,62,0,62,0,48,15,BTM,Cheese Slice
19-07-2025 00:00,OUT001,RM006,63,1,38,102,0,102,0,48,15,BTM,Cheese Slice
20-07-2025 00:00,OUT001,RM006,98,1,20,119,0,119,0,48,15,BTM,Cheese Slice
14-07-2025 00:00,OUT001,RM007,74,1,11,86,245,0,55,61,30,BTM,Mayo Sauce
15-07-2025 00:00,OUT001,RM007,54,1,12,67,159,0,0,61,30,BTM,Mayo Sauce
16-07-2025 00:00,OUT001,RM007,42,1,15,58,92,0,0,61,30,BTM,Mayo Sauce
17-07-2025 00:00,OUT001,RM007,71,1,17,89,34,55,254,61,30,BTM,Mayo Sauce
18-07-2025 00:00,OUT001,RM007,69,1,17,87,0,87,0,61,30,BTM,Mayo Sauce
19-07-2025 00:00,OUT001,RM007,35,1,15,51,0,51,0,61,30,BTM,Mayo Sauce
20-07-2025 00:00,OUT001,RM007,95,1,20,116,0,116,0,61,30,BTM,Mayo Sauce
14-07-2025 00:00,OUT001,RM008,44,1,42,87,203,0,134,52,35,BTM,Pickles
15-07-2025 00:00,OUT001,RM008,76,1,38,115,116,0,0,52,35,BTM,Pickles
16-07-2025 00:00,OUT001,RM008,30,1,30,61,1,60,0,52,35,BTM,Pickles
17-07-2025 00:00,OUT001,RM008,38,1,35,74,0,74,229,52,35,BTM,Pickles
18-07-2025 00:00,OUT001,RM008,22,1,25,48,0,48,0,52,35,BTM,Pickles
19-07-2025 00:00,OUT001,RM008,86,1,32,119,0,119,0,52,35,BTM,Pickles
20-07-2025 00:00,OUT001,RM008,25,1,36,62,0,62,0,52,35,BTM,Pickles
14-07-2025 00:00,OUT001,RM014,98,1,50,149,197,0,206,46,30,BTM,BBQ Sauce
15-07-2025 00:00,OUT001,RM014,37,1,49,87,48,39,0,46,30,BTM,BBQ Sauce
16-07-2025 00:00,OUT001,RM014,44,1,50,95,0,95,0,46,30,BTM,BBQ Sauce
17-07-2025 00:00,OUT001,RM014,13,1,58,72,0,72,326,46,30,BTM,BBQ Sauce
18-07-2025 00:00,OUT001,RM014,10,1,59,70,0,70,0,46,30,BTM,BBQ Sauce
19-07-2025 00:00,OUT001,RM014,86,1,59,146,0,146,0,46,30,BTM,BBQ Sauce
20-07-2025 00:00,OUT001,RM014,54,1,55,110,0,110,0,46,30,BTM,BBQ Sauce
14-07-2025 00:00,OUT001,RM015,74,1,46,121,122,0,265,36,45,BTM,Ketchup
15-07-2025 00:00,OUT001,RM015,45,1,40,86,1,85,0,36,45,BTM,Ketchup
16-07-2025 00:00,OUT001,RM015,12,1,36,49,0,49,0,36,45,BTM,Ketchup
17-07-2025 00:00,OUT001,RM015,87,1,43,131,0,131,265,36,45,BTM,Ketchup
18-07-2025 00:00,OUT001,RM015,18,1,41,60,0,60,0,36,45,BTM,Ketchup
19-07-2025 00:00,OUT001,RM015,40,1,50,91,0,91,0,36,45,BTM,Ketchup
20-07-2025 00:00,OUT001,RM015,67,1,46,114,0,114,0,36,45,BTM,Ketchup
14-07-2025 00:00,OUT001,RM016,97,2,46,145,157,0,218,43,35,BTM,Mustard Sauce
15-07-2025 00:00,OUT001,RM016,50,1,45,96,12,84,0,43,35,BTM,Mustard Sauce
16-07-2025 00:00,OUT001,RM016,14,1,40,55,0,55,0,43,35,BTM,Mustard Sauce
17-07-2025 00:00,OUT001,RM016,33,1,45,79,0,79,290,43,35,BTM,Mustard Sauce
18-07-2025 00:00,OUT001,RM016,68,1,43,112,0,112,0,43,35,BTM,Mustard Sauce
19-07-2025 00:00,OUT001,RM016,42,1,43,86,0,86,0,43,35,BTM,Mustard Sauce
20-07-2025 00:00,OUT001,RM016,50,1,41,92,0,92,0,43,35,BTM,Mustard Sauce
14-07-2025 00:00,OUT001,RM017,36,1,33,70,138,0,194,54,2,BTM,Coleslaw
15-07-2025 00:00,OUT001,RM017,65,2,34,101,68,33,0,54,2,BTM,Coleslaw
16-07-2025 00:00,OUT001,RM017,71,2,34,107,0,107,0,54,2,BTM,Coleslaw
17-07-2025 00:00,OUT001,RM017,25,2,27,54,0,54,211,54,2,BTM,Coleslaw
18-07-2025 00:00,OUT001,RM017,14,2,30,46,0,46,0,54,2,BTM,Coleslaw
19-07-2025 00:00,OUT001,RM017,29,2,34,65,0,65,0,54,2,BTM,Coleslaw
20-07-2025 00:00,OUT001,RM017,71,2,27,100,0,100,0,54,2,BTM,Coleslaw
14-07-2025 00:00,OUT001,RM018,95,2,41,138,207,0,286,48,7,BTM,Paneer Patty
15-07-2025 00:00,OUT001,RM018,65,1,41,107,69,38,0,48,7,BTM,Paneer Patty
16-07-2025 00:00,OUT001,RM018,97,1,38,136,0,136,0,48,7,BTM,Paneer Patty
17-07-2025 00:00,OUT001,RM018,81,1,30,112,0,112,278,48,7,BTM,Paneer Patty
18-07-2025 00:00,OUT001,RM018,97,1,23,121,0,121,0,48,7,BTM,Paneer Patty
19-07-2025 00:00,OUT001,RM018,88,1,15,104,0,104,0,48,7,BTM,Paneer Patty
20-07-2025 00:00,OUT001,RM018,37,1,15,53,0,53,0,48,7,BTM,Paneer Patty
14-07-2025 00:00,OUT001,RM019,87,1,45,133,223,0,149,50,50,BTM,Frozen Fries
15-07-2025 00:00,OUT001,RM019,51,1,42,94,90,4,0,50,50,BTM,Frozen Fries
16-07-2025 00:00,OUT001,RM019,42,1,40,83,0,83,0,50,50,BTM,Frozen Fries
17-07-2025 00:00,OUT001,RM019,26,1,35,62,0,62,276,50,50,BTM,Frozen Fries
18-07-2025 00:00,OUT001,RM019,98,1,34,133,0,133,0,50,50,BTM,Frozen Fries
19-07-2025 00:00,OUT001,RM019,24,1,38,63,0,63,0,50,50,BTM,Frozen Fries
20-07-2025 00:00,OUT001,RM019,35,1,44,80,0,80,0,50,50,BTM,Frozen Fries
14-07-2025 00:00,OUT001,RM020,30,1,27,58,136,0,208,55,6,BTM,Chicken Wings
15-07-2025 00:00,OUT001,RM020,71,2,30,103,78,25,0,55,6,BTM,Chicken Wings
16-07-2025 00:00,OUT001,RM020,95,2,28,125,0,125,0,55,6,BTM,Chicken Wings
17-07-2025 00:00,OUT001,RM020,26,2,30,58,0,58,234,55,6,BTM,Chicken Wings
18-07-2025 00:00,OUT001,RM020,26,2,37,65,0,65,0,55,6,BTM,Chicken Wings
19-07-2025 00:00,OUT001,RM020,34,2,37,73,0,73,0,55,6,BTM,Chicken Wings
20-07-2025 00:00,OUT001,RM020,51,2,43,96,0,96,0,55,6,BTM,Chicken Wings
14-07-2025 00:00,OUT001,RM021,85,2,30,117,188,0,173,59,10,BTM,Chicken Nuggets
15-07-2025 00:00,OUT001,RM021,17,1,21,39,71,0,0,59,10,BTM,Chicken Nuggets
16-07-2025 00:00,OUT001,RM021,85,1,30,116,32,84,0,59,10,BTM,Chicken Nuggets
17-07-2025 00:00,OUT001,RM021,61,1,27,89,0,89,229,59,10,BTM,Chicken Nuggets
18-07-2025 00:00,OUT001,RM021,29,1,27,57,0,57,0,59,10,BTM,Chicken Nuggets
19-07-2025 00:00,OUT001,RM021,60,1,32,93,0,93,0,59,10,BTM,Chicken Nuggets
20-07-2025 00:00,OUT001,RM021,51,1,27,79,0,79,0,59,10,BTM,Chicken Nuggets
14-07-2025 00:00,OUT001,RM022,45,2,37,84,150,0,205,46,9,BTM,Whopper Bun
15-07-2025 00:00,OUT001,RM022,12,2,35,49,66,0,0,46,9,BTM,Whopper Bun
16-07-2025 00:00,OUT001,RM022,60,2,45,107,17,90,0,46,9,BTM,Whopper Bun
17-07-2025 00:00,OUT001,RM022,69,2,44,115,0,115,293,46,9,BTM,Whopper Bun
18-07-2025 00:00,OUT001,RM022,66,2,32,100,0,100,0,46,9,BTM,Whopper Bun
19-07-2025 00:00,OUT001,RM022,86,2,27,115,0,115,0,46,9,BTM,Whopper Bun
20-07-2025 00:00,OUT001,RM022,42,2,34,78,0,78,0,46,9,BTM,Whopper Bun
14-07-2025 00:00,OUT001,RM023,12,2,25,39,167,0,115,54,4,BTM,Iceberg Lettuce
15-07-2025 00:00,OUT001,RM023,65,1,33,99,128,0,0,54,4,BTM,Iceberg Lettuce
16-07-2025 00:00,OUT001,RM023,44,2,21,67,29,38,0,54,4,BTM,Iceberg Lettuce
17-07-2025 00:00,OUT001,RM023,51,2,24,77,0,77,305,54,4,BTM,Iceberg Lettuce
18-07-2025 00:00,OUT001,RM023,98,2,19,119,0,119,0,54,4,BTM,Iceberg Lettuce
19-07-2025 00:00,OUT001,RM023,20,2,47,69,0,69,0,54,4,BTM,Iceberg Lettuce
20-07-2025 00:00,OUT001,RM023,66,2,49,117,0,117,0,54,4,BTM,Iceberg Lettuce
14-07-2025 00:00,OUT001,RM024,33,2,34,69,157,0,158,58,15,BTM,Tartar Sauce
15-07-2025 00:00,OUT001,RM024,14,1,36,51,88,0,0,58,15,BTM,Tartar Sauce
16-07-2025 00:00,OUT001,RM024,51,1,44,96,37,59,0,58,15,BTM,Tartar Sauce
17-07-2025 00:00,OUT001,RM024,60,1,38,99,0,99,353,58,15,BTM,Tartar Sauce
18-07-2025 00:00,OUT001,RM024,55,1,39,95,0,95,0,58,15,BTM,Tartar Sauce
19-07-2025 00:00,OUT001,RM024,96,1,23,120,0,120,0,58,15,BTM,Tartar Sauce
20-07-2025 00:00,OUT001,RM024,90,1,47,138,0,138,0,58,15,BTM,Tartar Sauce
14-07-2025 00:00,OUT001,RM025,52,1,37,90,240,0,36,62,15,BTM,Garlic Mayo
15-07-2025 00:00,OUT001,RM025,27,1,33,61,150,0,0,62,15,BTM,Garlic Mayo
16-07-2025 00:00,OUT001,RM025,12,1,40,53,89,0,0,62,15,BTM,Garlic Mayo
17-07-2025 00:00,OUT001,RM025,27,1,44,72,36,36,225,62,15,BTM,Garlic Mayo
18-07-2025 00:00,OUT001,RM025,16,1,44,61,0,61,0,62,15,BTM,Garlic Mayo
19-07-2025 00:00,OUT001,RM025,52,1,52,105,0,105,0,62,15,BTM,Garlic Mayo
20-07-2025 00:00,OUT001,RM025,37,1,21,59,0,59,0,62,15,BTM,Garlic Mayo
14-07-2025 00:00,OUT001,RM030,18,1,29,48,124,0,220,52,4,BTM,Choco Mousse
15-07-2025 00:00,OUT001,RM030,46,1,32,79,76,3,0,52,4,BTM,Choco Mousse
16-07-2025 00:00,OUT001,RM030,50,1,35,86,0,86,0,52,4,BTM,Choco Mousse
17-07-2025 00:00,OUT001,RM030,93,1,37,131,0,131,290,52,4,BTM,Choco Mousse
18-07-2025 00:00,OUT001,RM030,48,1,44,93,0,93,0,52,4,BTM,Choco Mousse
19-07-2025 00:00,OUT001,RM030,15,1,49,65,0,65,0,52,4,BTM,Choco Mousse
20-07-2025 00:00,OUT001,RM030,80,1,51,132,0,132,0,52,4,BTM,Choco Mousse
14-07-2025 00:00,OUT001,RM031,30,1,33,64,145,0,249,50,50,BTM,Peri Peri Seasoning
15-07-2025 00:00,OUT001,RM031,72,1,39,112,81,31,0,50,50,BTM,Peri Peri Seasoning
16-07-2025 00:00,OUT001,RM031,64,1,32,97,0,97,0,50,50,BTM,Peri Peri Seasoning
17-07-2025 00:00,OUT001,RM031,92,1,28,121,0,121,323,50,50,BTM,Peri Peri Seasoning
18-07-2025 00:00,OUT001,RM031,66,1,33,100,0,100,0,50,50,BTM,Peri Peri Seasoning
19-07-2025 00:00,OUT001,RM031,92,1,29,122,0,122,0,50,50,BTM,Peri Peri Seasoning
20-07-2025 00:00,OUT001,RM031,79,1,21,101,0,101,0,50,50,BTM,Peri Peri Seasoning
14-07-2025 00:00,OUT001,RM032,86,1,29,116,199,0,198,38,40,BTM,Crinkle Fries
15-07-2025 00:00,OUT001,RM032,79,1,45,125,83,42,0,38,40,BTM,Crinkle Fries
16-07-2025 00:00,OUT001,RM032,57,1,43,101,0,101,0,38,40,BTM,Crinkle Fries
17-07-2025 00:00,OUT001,RM032,15,1,39,55,0,55,372,38,40,BTM,Crinkle Fries
18-07-2025 00:00,OUT001,RM032,98,1,40,139,0,139,0,38,40,BTM,Crinkle Fries
19-07-2025 00:00,OUT001,RM032,94,1,41,136,0,136,0,38,40,BTM,Crinkle Fries
20-07-2025 00:00,OUT001,RM032,63,1,33,97,0,97,0,38,40,BTM,Crinkle Fries
14-07-2025 00:00,OUT001,RM033,35,1,39,75,145,0,158,45,20,BTM,Schezwan Sauce
15-07-2025 00:00,OUT001,RM033,34,1,43,78,70,8,0,45,20,BTM,Schezwan Sauce
16-07-2025 00:00,OUT001,RM033,19,1,46,66,0,66,0,45,20,BTM,Schezwan Sauce
17-07-2025 00:00,OUT001,RM033,37,1,46,84,0,84,311,45,20,BTM,Schezwan Sauce
18-07-2025 00:00,OUT001,RM033,48,1,47,96,0,96,0,45,20,BTM,Schezwan Sauce
19-07-2025 00:00,OUT001,RM033,67,1,43,111,0,111,0,45,20,BTM,Schezwan Sauce
20-07-2025 00:00,OUT001,RM033,65,1,38,104,0,104,0,45,20,BTM,Schezwan Sauce
14-07-2025 00:00,OUT001,RM034,80,1,27,108,221,0,93,59,35,BTM,Stuffing Mix
15-07-2025 00:00,OUT001,RM034,20,1,25,46,113,0,0,59,35,BTM,Stuffing Mix
16-07-2025 00:00,OUT001,RM034,75,1,29,105,67,38,0,59,35,BTM,Stuffing Mix
17-07-2025 00:00,OUT001,RM034,27,1,27,55,0,55,249,59,35,BTM,Stuffing Mix
18-07-2025 00:00,OUT001,RM034,21,1,31,53,0,53,0,59,35,BTM,Stuffing Mix
19-07-2025 00:00,OUT001,RM034,53,1,34,88,0,88,0,59,35,BTM,Stuffing Mix
20-07-2025 00:00,OUT001,RM034,74,1,33,108,0,108,0,59,35,BTM,Stuffing Mix
14-07-2025 00:00,OUT002,RM000,21,2,13,36,180,0,84,49,5,Koramangala,Bun
15-07-2025 00:00,OUT002,RM000,54,2,16,72,144,0,0,49,5,Koramangala,Bun
16-07-2025 00:00,OUT002,RM000,80,2,17,99,72,27,0,49,5,Koramangala,Bun
17-07-2025 00:00,OUT002,RM000,28,2,27,57,0,57,314,49,5,Koramangala,Bun
18-07-2025 00:00,OUT002,RM000,26,2,32,60,0,60,0,49,5,Koramangala,Bun
19-07-2025 00:00,OUT002,RM000,83,2,36,121,0,121,0,49,5,Koramangala,Bun
20-07-2025 00:00,OUT002,RM000,96,2,35,133,0,133,0,49,5,Koramangala,Bun
14-07-2025 00:00,OUT002,RM001,62,2,33,97,112,0,298,61,7,Koramangala,Veg Patty
15-07-2025 00:00,OUT002,RM001,88,1,38,127,15,112,0,61,7,Koramangala,Veg Patty
16-07-2025 00:00,OUT002,RM001,80,1,34,115,0,115,0,61,7,Koramangala,Veg Patty
17-07-2025 00:00,OUT002,RM001,41,1,29,71,0,71,245,61,7,Koramangala,Veg Patty
18-07-2025 00:00,OUT002,RM001,42,1,31,74,0,74,0,61,7,Koramangala,Veg Patty
19-07-2025 00:00,OUT002,RM001,52,1,34,87,0,87,0,61,7,Koramangala,Veg Patty
20-07-2025 00:00,OUT002,RM001,55,1,28,84,0,84,0,61,7,Koramangala,Veg Patty
14-07-2025 00:00,OUT002,RM002,68,2,37,107,109,0,272,59,7,Koramangala,Chicken Patty
15-07-2025 00:00,OUT002,RM002,34,2,40,76,2,74,0,59,7,Koramangala,Chicken Patty
16-07-2025 00:00,OUT002,RM002,35,2,45,82,0,82,0,59,7,Koramangala,Chicken Patty
17-07-2025 00:00,OUT002,RM002,68,2,46,116,0,116,252,59,7,Koramangala,Chicken Patty
18-07-2025 00:00,OUT002,RM002,49,2,38,89,0,89,0,59,7,Koramangala,Chicken Patty
19-07-2025 00:00,OUT002,RM002,36,2,34,72,0,72,0,59,7,Koramangala,Chicken Patty
20-07-2025 00:00,OUT002,RM002,48,2,41,91,0,91,0,59,7,Koramangala,Chicken Patty
14-07-2025 00:00,OUT002,RM003,70,0,40,110,105,5,314,57,4,Koramangala,Lettuce
15-07-2025 00:00,OUT002,RM003,40,2,37,79,0,79,0,57,4,Koramangala,Lettuce
16-07-2025 00:00,OUT002,RM003,70,2,43,115,0,115,0,57,4,Koramangala,Lettuce
17-07-2025 00:00,OUT002,RM003,93,2,20,115,0,115,345,57,4,Koramangala,Lettuce
18-07-2025 00:00,OUT002,RM003,94,2,37,133,0,133,0,57,4,Koramangala,Lettuce
19-07-2025 00:00,OUT002,RM003,61,2,31,94,0,94,0,57,4,Koramangala,Lettuce
20-07-2025 00:00,OUT002,RM003,89,2,27,118,0,118,0,57,4,Koramangala,Lettuce
14-07-2025 00:00,OUT002,RM004,31,2,32,65,104,0,256,50,3,Koramangala,Tomato
15-07-2025 00:00,OUT002,RM004,93,1,36,130,39,91,0,50,3,Koramangala,Tomato
16-07-2025 00:00,OUT002,RM004,18,1,41,60,0,60,0,50,3,Koramangala,Tomato
17-07-2025 00:00,OUT002,RM004,63,1,41,105,0,105,345,50,3,Koramangala,Tomato
18-07-2025 00:00,OUT002,RM004,90,1,43,134,0,134,0,50,3,Koramangala,Tomato
19-07-2025 00:00,OUT002,RM004,99,1,36,136,0,136,0,50,3,Koramangala,Tomato
20-07-2025 00:00,OUT002,RM004,34,1,40,75,0,75,0,50,3,Koramangala,Tomato
14-07-2025 00:00,OUT002,RM005,48,2,24,74,187,0,177,58,8,Koramangala,Onion
15-07-2025 00:00,OUT002,RM005,47,2,27,76,113,0,0,58,8,Koramangala,Onion
16-07-2025 00:00,OUT002,RM005,76,2,25,103,37,66,0,58,8,Koramangala,Onion
17-07-2025 00:00,OUT002,RM005,90,2,19,111,0,111,188,58,8,Koramangala,Onion
18-07-2025 00:00,OUT002,RM005,44,2,26,72,0,72,0,58,8,Koramangala,Onion
19-07-2025 00:00,OUT002,RM005,39,2,28,69,0,69,0,58,8,Koramangala,Onion
20-07-2025 00:00,OUT002,RM005,13,2,32,47,0,47,0,58,8,Koramangala,Onion
14-07-2025 00:00,OUT002,RM006,68,2,36,106,102,4,321,60,15,Koramangala,Cheese Slice
15-07-2025 00:00,OUT002,RM006,98,1,29,128,0,128,0,60,15,Koramangala,Cheese Slice
16-07-2025 00:00,OUT002,RM006,86,1,25,112,0,112,0,60,15,Koramangala,Cheese Slice
17-07-2025 00:00,OUT002,RM006,58,1,18,77,0,77,199,60,15,Koramangala,Cheese Slice
18-07-2025 00:00,OUT002,RM006,45,1,22,68,0,68,0,60,15,Koramangala,Cheese Slice
19-07-2025 00:00,OUT002,RM006,50,1,28,79,0,79,0,60,15,Koramangala,Cheese Slice
20-07-2025 00:00,OUT002,RM006,25,1,26,52,0,52,0,60,15,Koramangala,Cheese Slice
14-07-2025 00:00,OUT002,RM007,28,2,38,68,227,0,138,51,30,Koramangala,Mayo Sauce
15-07-2025 00:00,OUT002,RM007,43,1,42,86,159,0,0,51,30,Koramangala,Mayo Sauce
16-07-2025 00:00,OUT002,RM007,87,1,47,135,73,62,0,51,30,Koramangala,Mayo Sauce
17-07-2025 00:00,OUT002,RM007,28,1,47,76,0,76,305,51,30,Koramangala,Mayo Sauce
18-07-2025 00:00,OUT002,RM007,91,1,45,137,0,137,0,51,30,Koramangala,Mayo Sauce
19-07-2025 00:00,OUT002,RM007,39,1,35,75,0,75,0,51,30,Koramangala,Mayo Sauce
20-07-2025 00:00,OUT002,RM007,59,1,33,93,0,93,0,51,30,Koramangala,Mayo Sauce
14-07-2025 00:00,OUT002,RM008,51,1,34,86,190,0,168,49,35,Koramangala,Pickles
15-07-2025 00:00,OUT002,RM008,33,1,32,66,104,0,0,49,35,Koramangala,Pickles
16-07-2025 00:00,OUT002,RM008,77,1,33,111,38,73,0,49,35,Koramangala,Pickles
17-07-2025 00:00,OUT002,RM008,61,1,33,95,0,95,192,49,35,Koramangala,Pickles
18-07-2025 00:00,OUT002,RM008,17,1,27,45,0,45,0,49,35,Koramangala,Pickles
19-07-2025 00:00,OUT002,RM008,80,1,30,111,0,111,0,49,35,Koramangala,Pickles
20-07-2025 00:00,OUT002,RM008,10,1,25,36,0,36,0,49,35,Koramangala,Pickles
14-07-2025 00:00,OUT002,RM014,86,1,37,124,127,0,243,59,30,Koramangala,BBQ Sauce
15-07-2025 00:00,OUT002,RM014,73,1,27,101,3,98,0,59,30,Koramangala,BBQ Sauce
16-07-2025 00:00,OUT002,RM014,54,1,22,77,0,77,0,59,30,Koramangala,BBQ Sauce
17-07-2025 00:00,OUT002,RM014,41,1,26,68,0,68,186,59,30,Koramangala,BBQ Sauce
18-07-2025 00:00,OUT002,RM014,63,1,30,94,0,94,0,59,30,Koramangala,BBQ Sauce
19-07-2025 00:00,OUT002,RM014,14,1,24,39,0,39,0,59,30,Koramangala,BBQ Sauce
20-07-2025 00:00,OUT002,RM014,21,1,31,53,0,53,0,59,30,Koramangala,BBQ Sauce
14-07-2025 00:00,OUT002,RM015,90,1,48,139,178,0,240,49,45,Koramangala,Ketchup
15-07-2025 00:00,OUT002,RM015,42,1,42,85,39,46,0,49,45,Koramangala,Ketchup
16-07-2025 00:00,OUT002,RM015,89,1,41,131,0,131,0,49,45,Koramangala,Ketchup
17-07-2025 00:00,OUT002,RM015,28,1,34,63,0,63,287,49,45,Koramangala,Ketchup
18-07-2025 00:00,OUT002,RM015,28,1,41,70,0,70,0,49,45,Koramangala,Ketchup
19-07-2025 00:00,OUT002,RM015,51,1,39,91,0,91,0,49,45,Koramangala,Ketchup
20-07-2025 00:00,OUT002,RM015,85,1,40,126,0,126,0,49,45,Koramangala,Ketchup
14-07-2025 00:00,OUT002,RM016,52,2,50,104,245,0,119,45,35,Koramangala,Mustard Sauce
15-07-2025 00:00,OUT002,RM016,28,1,24,53,141,0,0,45,35,Koramangala,Mustard Sauce
16-07-2025 00:00,OUT002,RM016,71,1,21,93,88,5,0,45,35,Koramangala,Mustard Sauce
17-07-2025 00:00,OUT002,RM016,90,1,23,114,0,114,263,45,35,Koramangala,Mustard Sauce
18-07-2025 00:00,OUT002,RM016,93,1,36,130,0,130,0,45,35,Koramangala,Mustard Sauce
19-07-2025 00:00,OUT002,RM016,44,1,30,75,0,75,0,45,35,Koramangala,Mustard Sauce
20-07-2025 00:00,OUT002,RM016,25,1,32,58,0,58,0,45,35,Koramangala,Mustard Sauce
14-07-2025 00:00,OUT002,RM017,92,0,42,134,139,0,339,50,2,Koramangala,Coleslaw
15-07-2025 00:00,OUT002,RM017,88,3,32,123,5,118,0,50,2,Koramangala,Coleslaw
16-07-2025 00:00,OUT002,RM017,58,2,32,92,0,92,0,50,2,Koramangala,Coleslaw
17-07-2025 00:00,OUT002,RM017,90,2,37,129,0,129,214,50,2,Koramangala,Coleslaw
18-07-2025 00:00,OUT002,RM017,74,2,32,108,0,108,0,50,2,Koramangala,Coleslaw
19-07-2025 00:00,OUT002,RM017,12,2,23,37,0,37,0,50,2,Koramangala,Coleslaw
20-07-2025 00:00,OUT002,RM017,42,2,25,69,0,69,0,50,2,Koramangala,Coleslaw
14-07-2025 00:00,OUT002,RM018,47,2,38,87,194,0,166,54,7,Koramangala,Paneer Patty
15-07-2025 00:00,OUT002,RM018,93,1,33,127,107,20,0,54,7,Koramangala,Paneer Patty
16-07-2025 00:00,OUT002,RM018,68,1,29,98,0,98,0,54,7,Koramangala,Paneer Patty
17-07-2025 00:00,OUT002,RM018,20,1,27,48,0,48,321,54,7,Koramangala,Paneer Patty
18-07-2025 00:00,OUT002,RM018,20,1,29,50,0,50,0,54,7,Koramangala,Paneer Patty
19-07-2025 00:00,OUT002,RM018,97,1,35,133,0,133,0,54,7,Koramangala,Paneer Patty
20-07-2025 00:00,OUT002,RM018,99,1,38,138,0,138,0,54,7,Koramangala,Paneer Patty
14-07-2025 00:00,OUT002,RM019,67,1,36,104,246,0,179,56,50,Koramangala,Frozen Fries
15-07-2025 00:00,OUT002,RM019,82,1,35,118,142,0,0,56,50,Koramangala,Frozen Fries
16-07-2025 00:00,OUT002,RM019,81,1,28,110,24,86,0,56,50,Koramangala,Frozen Fries
17-07-2025 00:00,OUT002,RM019,67,1,25,93,0,93,320,56,50,Koramangala,Frozen Fries
18-07-2025 00:00,OUT002,RM019,92,1,17,110,0,110,0,56,50,Koramangala,Frozen Fries
19-07-2025 00:00,OUT002,RM019,96,1,11,108,0,108,0,56,50,Koramangala,Frozen Fries
20-07-2025 00:00,OUT002,RM019,87,1,14,102,0,102,0,56,50,Koramangala,Frozen Fries
14-07-2025 00:00,OUT002,RM020,15,0,23,38,153,0,187,71,6,Koramangala,Chicken Wings
15-07-2025 00:00,OUT002,RM020,66,2,32,100,115,0,0,71,6,Koramangala,Chicken Wings
16-07-2025 00:00,OUT002,RM020,80,2,23,105,15,90,0,71,6,Koramangala,Chicken Wings
17-07-2025 00:00,OUT002,RM020,73,2,22,97,0,97,338,71,6,Koramangala,Chicken Wings
18-07-2025 00:00,OUT002,RM020,90,2,21,113,0,113,0,71,6,Koramangala,Chicken Wings
19-07-2025 00:00,OUT002,RM020,83,2,24,109,0,109,0,71,6,Koramangala,Chicken Wings
20-07-2025 00:00,OUT002,RM020,92,2,22,116,0,116,0,71,6,Koramangala,Chicken Wings
14-07-2025 00:00,OUT002,RM021,33,2,21,56,166,0,171,71,10,Koramangala,Chicken Nuggets
15-07-2025 00:00,OUT002,RM021,89,1,29,119,110,9,0,71,10,Koramangala,Chicken Nuggets
16-07-2025 00:00,OUT002,RM021,41,1,28,70,0,70,0,71,10,Koramangala,Chicken Nuggets
17-07-2025 00:00,OUT002,RM021,58,1,33,92,0,92,296,71,10,Koramangala,Chicken Nuggets
18-07-2025 00:00,OUT002,RM021,51,1,37,89,0,89,0,71,10,Koramangala,Chicken Nuggets
19-07-2025 00:00,OUT002,RM021,63,1,36,100,0,100,0,71,10,Koramangala,Chicken Nuggets
20-07-2025 00:00,OUT002,RM021,75,1,31,107,0,107,0,71,10,Koramangala,Chicken Nuggets
14-07-2025 00:00,OUT002,RM022,96,2,39,137,241,0,248,57,9,Koramangala,Whopper Bun
15-07-2025 00:00,OUT002,RM022,38,2,39,79,104,0,0,57,9,Koramangala,Whopper Bun
16-07-2025 00:00,OUT002,RM022,91,2,46,139,25,114,0,57,9,Koramangala,Whopper Bun
17-07-2025 00:00,OUT002,RM022,98,2,34,134,0,134,275,57,9,Koramangala,Whopper Bun
18-07-2025 00:00,OUT002,RM022,61,2,30,93,0,93,0,57,9,Koramangala,Whopper Bun
19-07-2025 00:00,OUT002,RM022,59,2,34,95,0,95,0,57,9,Koramangala,Whopper Bun
20-07-2025 00:00,OUT002,RM022,54,2,31,87,0,87,0,57,9,Koramangala,Whopper Bun
14-07-2025 00:00,OUT002,RM023,31,2,14,47,127,0,157,75,4,Koramangala,Iceberg Lettuce
15-07-2025 00:00,OUT002,RM023,39,1,19,59,80,0,0,75,4,Koramangala,Iceberg Lettuce
16-07-2025 00:00,OUT002,RM023,82,1,24,107,21,86,0,75,4,Koramangala,Iceberg Lettuce
17-07-2025 00:00,OUT002,RM023,46,1,24,71,0,71,221,75,4,Koramangala,Iceberg Lettuce
18-07-2025 00:00,OUT002,RM023,70,1,27,98,0,98,0,75,4,Koramangala,Iceberg Lettuce
19-07-2025 00:00,OUT002,RM023,32,1,28,61,0,61,0,75,4,Koramangala,Iceberg Lettuce
20-07-2025 00:00,OUT002,RM023,28,1,33,62,0,62,0,75,4,Koramangala,Iceberg Lettuce
14-07-2025 00:00,OUT002,RM024,71,2,23,96,162,0,215,75,15,Koramangala,Tartar Sauce
15-07-2025 00:00,OUT002,RM024,99,1,26,126,66,60,0,75,15,Koramangala,Tartar Sauce
16-07-2025 00:00,OUT002,RM024,72,1,28,101,0,101,0,75,15,Koramangala,Tartar Sauce
17-07-2025 00:00,OUT002,RM024,33,1,20,54,0,54,259,75,15,Koramangala,Tartar Sauce
18-07-2025 00:00,OUT002,RM024,48,1,25,74,0,74,0,75,15,Koramangala,Tartar Sauce
19-07-2025 00:00,OUT002,RM024,51,1,28,80,0,80,0,75,15,Koramangala,Tartar Sauce
20-07-2025 00:00,OUT002,RM024,71,1,33,105,0,105,0,75,15,Koramangala,Tartar Sauce
14-07-2025 00:00,OUT002,RM025,41,1,36,78,185,0,156,58,15,Koramangala,Garlic Mayo
15-07-2025 00:00,OUT002,RM025,41,1,40,82,107,0,0,58,15,Koramangala,Garlic Mayo
16-07-2025 00:00,OUT002,RM025,10,1,37,48,25,23,0,58,15,Koramangala,Garlic Mayo
17-07-2025 00:00,OUT002,RM025,88,1,44,133,0,133,320,58,15,Koramangala,Garlic Mayo
18-07-2025 00:00,OUT002,RM025,76,1,37,114,0,114,0,58,15,Koramangala,Garlic Mayo
19-07-2025 00:00,OUT002,RM025,88,1,38,127,0,127,0,58,15,Koramangala,Garlic Mayo
20-07-2025 00:00,OUT002,RM025,47,1,31,79,0,79,0,58,15,Koramangala,Garlic Mayo
14-07-2025 00:00,OUT002,RM030,30,1,30,61,107,0,206,54,4,Koramangala,Choco Mousse
15-07-2025 00:00,OUT002,RM030,37,1,34,72,46,26,0,54,4,Koramangala,Choco Mousse
16-07-2025 00:00,OUT002,RM030,71,1,37,109,0,109,0,54,4,Koramangala,Choco Mousse
17-07-2025 00:00,OUT002,RM030,36,1,34,71,0,71,299,54,4,Koramangala,Choco Mousse
18-07-2025 00:00,OUT002,RM030,34,1,40,75,0,75,0,54,4,Koramangala,Choco Mousse
19-07-2025 00:00,OUT002,RM030,65,1,37,103,0,103,0,54,4,Koramangala,Choco Mousse
20-07-2025 00:00,OUT002,RM030,87,1,33,121,0,121,0,54,4,Koramangala,Choco Mousse
14-07-2025 00:00,OUT002,RM031,27,1,32,60,244,0,91,67,50,Koramangala,Peri Peri Seasoning
15-07-2025 00:00,OUT002,RM031,63,1,37,101,184,0,0,67,50,Koramangala,Peri Peri Seasoning
16-07-2025 00:00,OUT002,RM031,42,1,30,73,83,0,0,67,50,Koramangala,Peri Peri Seasoning
17-07-2025 00:00,OUT002,RM031,66,1,34,101,10,91,278,67,50,Koramangala,Peri Peri Seasoning
18-07-2025 00:00,OUT002,RM031,81,1,37,119,0,119,0,67,50,Koramangala,Peri Peri Seasoning
19-07-2025 00:00,OUT002,RM031,55,1,29,85,0,85,0,67,50,Koramangala,Peri Peri Seasoning
20-07-2025 00:00,OUT002,RM031,46,1,27,74,0,74,0,67,50,Koramangala,Peri Peri Seasoning
14-07-2025 00:00,OUT002,RM032,74,1,31,106,148,0,242,64,40,Koramangala,Crinkle Fries
15-07-2025 00:00,OUT002,RM032,42,1,33,76,42,34,0,64,40,Koramangala,Crinkle Fries
16-07-2025 00:00,OUT002,RM032,79,1,39,119,0,119,0,64,40,Koramangala,Crinkle Fries
17-07-2025 00:00,OUT002,RM032,58,1,30,89,0,89,298,64,40,Koramangala,Crinkle Fries
18-07-2025 00:00,OUT002,RM032,99,1,28,128,0,128,0,64,40,Koramangala,Crinkle Fries
19-07-2025 00:00,OUT002,RM032,30,1,26,57,0,57,0,64,40,Koramangala,Crinkle Fries
20-07-2025 00:00,OUT002,RM032,77,1,35,113,0,113,0,64,40,Koramangala,Crinkle Fries
14-07-2025 00:00,OUT002,RM033,47,1,32,80,184,0,178,65,20,Koramangala,Schezwan Sauce
15-07-2025 00:00,OUT002,RM033,64,1,38,103,104,0,0,65,20,Koramangala,Schezwan Sauce
16-07-2025 00:00,OUT002,RM033,79,1,36,116,1,115,0,65,20,Koramangala,Schezwan Sauce
17-07-2025 00:00,OUT002,RM033,32,1,30,63,0,63,230,65,20,Koramangala,Schezwan Sauce
18-07-2025 00:00,OUT002,RM033,23,1,28,52,0,52,0,65,20,Koramangala,Schezwan Sauce
19-07-2025 00:00,OUT002,RM033,37,1,35,73,0,73,0,65,20,Koramangala,Schezwan Sauce
20-07-2025 00:00,OUT002,RM033,70,1,34,105,0,105,0,65,20,Koramangala,Schezwan Sauce
14-07-2025 00:00,OUT002,RM034,50,1,25,76,225,0,235,55,35,Koramangala,Stuffing Mix
15-07-2025 00:00,OUT002,RM034,93,1,28,122,149,0,0,55,35,Koramangala,Stuffing Mix
16-07-2025 00:00,OUT002,RM034,96,1,39,136,27,109,0,55,35,Koramangala,Stuffing Mix
17-07-2025 00:00,OUT002,RM034,87,1,38,126,0,126,292,55,35,Koramangala,Stuffing Mix
18-07-2025 00:00,OUT002,RM034,69,1,34,104,0,104,0,55,35,Koramangala,Stuffing Mix
19-07-2025 00:00,OUT002,RM034,57,1,29,87,0,87,0,55,35,Koramangala,Stuffing Mix
20-07-2025 00:00,OUT002,RM034,75,1,25,101,0,101,0,55,35,Koramangala,Stuffing Mix
14-07-2025 00:00,OUT003,RM000,47,2,49,98,171,0,196,44,5,HSR,Bun
15-07-2025 00:00,OUT003,RM000,44,2,45,91,73,18,0,44,5,HSR,Bun
16-07-2025 00:00,OUT003,RM000,45,2,44,91,0,91,0,44,5,HSR,Bun
17-07-2025 00:00,OUT003,RM000,39,2,46,87,0,87,301,44,5,HSR,Bun
18-07-2025 00:00,OUT003,RM000,83,2,7,92,0,92,0,44,5,HSR,Bun
19-07-2025 00:00,OUT003,RM000,41,2,37,80,0,80,0,44,5,HSR,Bun
20-07-2025 00:00,OUT003,RM000,93,2,34,129,0,129,0,44,5,HSR,Bun
14-07-2025 00:00,OUT003,RM001,33,2,42,77,142,0,148,33,7,HSR,Veg Patty
15-07-2025 00:00,OUT003,RM001,30,1,39,70,65,5,0,33,7,HSR,Veg Patty
16-07-2025 00:00,OUT003,RM001,53,2,37,92,0,92,0,33,7,HSR,Veg Patty
17-07-2025 00:00,OUT003,RM001,18,2,31,51,0,51,266,33,7,HSR,Veg Patty
18-07-2025 00:00,OUT003,RM001,60,2,32,94,0,94,0,33,7,HSR,Veg Patty
19-07-2025 00:00,OUT003,RM001,60,2,19,81,0,81,0,33,7,HSR,Veg Patty
20-07-2025 00:00,OUT003,RM001,71,2,18,91,0,91,0,33,7,HSR,Veg Patty
14-07-2025 00:00,OUT003,RM002,19,2,21,42,206,0,88,36,7,HSR,Chicken Patty
15-07-2025 00:00,OUT003,RM002,58,2,20,80,164,0,0,36,7,HSR,Chicken Patty
16-07-2025 00:00,OUT003,RM002,78,2,17,97,84,13,0,36,7,HSR,Chicken Patty
17-07-2025 00:00,OUT003,RM002,41,2,32,75,0,75,291,36,7,HSR,Chicken Patty
18-07-2025 00:00,OUT003,RM002,75,2,35,112,0,112,0,36,7,HSR,Chicken Patty
19-07-2025 00:00,OUT003,RM002,52,2,28,82,0,82,0,36,7,HSR,Chicken Patty
20-07-2025 00:00,OUT003,RM002,68,2,27,97,0,97,0,36,7,HSR,Chicken Patty
14-07-2025 00:00,OUT003,RM003,68,0,39,107,176,0,101,56,4,HSR,Lettuce
15-07-2025 00:00,OUT003,RM003,19,2,32,53,69,0,0,56,4,HSR,Lettuce
16-07-2025 00:00,OUT003,RM003,14,2,32,48,16,32,0,56,4,HSR,Lettuce
17-07-2025 00:00,OUT003,RM003,39,2,28,69,0,69,235,56,4,HSR,Lettuce
18-07-2025 00:00,OUT003,RM003,41,2,32,75,0,75,0,56,4,HSR,Lettuce
19-07-2025 00:00,OUT003,RM003,58,2,37,97,0,97,0,56,4,HSR,Lettuce
20-07-2025 00:00,OUT003,RM003,31,2,30,63,0,63,0,56,4,HSR,Lettuce
14-07-2025 00:00,OUT003,RM004,34,2,24,60,112,0,256,58,3,HSR,Tomato
15-07-2025 00:00,OUT003,RM004,84,1,25,110,52,58,0,58,3,HSR,Tomato
16-07-2025 00:00,OUT003,RM004,64,1,20,85,0,85,0,58,3,HSR,Tomato
17-07-2025 00:00,OUT003,RM004,91,1,21,113,0,113,209,58,3,HSR,Tomato
18-07-2025 00:00,OUT003,RM004,46,1,23,70,0,70,0,58,3,HSR,Tomato
19-07-2025 00:00,OUT003,RM004,44,1,24,69,0,69,0,58,3,HSR,Tomato
20-07-2025 00:00,OUT003,RM004,39,1,30,70,0,70,0,58,3,HSR,Tomato
14-07-2025 00:00,OUT003,RM005,33,2,29,64,109,0,248,57,8,HSR,Onion
15-07-2025 00:00,OUT003,RM005,35,2,29,66,45,21,0,57,8,HSR,Onion
16-07-2025 00:00,OUT003,RM005,65,2,30,97,0,97,0,57,8,HSR,Onion
17-07-2025 00:00,OUT003,RM005,97,2,31,130,0,130,250,57,8,HSR,Onion
18-07-2025 00:00,OUT003,RM005,37,2,34,73,0,73,0,57,8,HSR,Onion
19-07-2025 00:00,OUT003,RM005,71,2,38,111,0,111,0,57,8,HSR,Onion
20-07-2025 00:00,OUT003,RM005,24,2,40,66,0,66,0,57,8,HSR,Onion
14-07-2025 00:00,OUT003,RM006,90,2,37,129,156,0,246,54,15,HSR,Cheese Slice
15-07-2025 00:00,OUT003,RM006,87,1,32,120,27,93,0,54,15,HSR,Cheese Slice
16-07-2025 00:00,OUT003,RM006,26,1,23,50,0,50,0,54,15,HSR,Cheese Slice
17-07-2025 00:00,OUT003,RM006,78,1,24,103,0,103,199,54,15,HSR,Cheese Slice
18-07-2025 00:00,OUT003,RM006,66,1,22,89,0,89,0,54,15,HSR,Cheese Slice
19-07-2025 00:00,OUT003,RM006,21,1,25,47,0,47,0,54,15,HSR,Cheese Slice
20-07-2025 00:00,OUT003,RM006,28,1,34,63,0,63,0,54,15,HSR,Cheese Slice
14-07-2025 00:00,OUT003,RM007,19,1,37,57,141,0,287,46,30,HSR,Mayo Sauce
15-07-2025 00:00,OUT003,RM007,70,1,43,114,84,30,0,46,30,HSR,Mayo Sauce
16-07-2025 00:00,OUT003,RM007,91,1,39,131,0,131,0,46,30,HSR,Mayo Sauce
17-07-2025 00:00,OUT003,RM007,86,1,39,126,0,126,292,46,30,HSR,Mayo Sauce
18-07-2025 00:00,OUT003,RM007,45,1,36,82,0,82,0,46,30,HSR,Mayo Sauce
19-07-2025 00:00,OUT003,RM007,84,1,42,127,0,127,0,46,30,HSR,Mayo Sauce
20-07-2025 00:00,OUT003,RM007,50,1,32,83,0,83,0,46,30,HSR,Mayo Sauce
14-07-2025 00:00,OUT003,RM008,67,1,41,109,148,0,267,44,35,HSR,Pickles
15-07-2025 00:00,OUT003,RM008,94,1,34,129,39,90,0,44,35,HSR,Pickles
16-07-2025 00:00,OUT003,RM008,31,1,37,69,0,69,0,44,35,HSR,Pickles
17-07-2025 00:00,OUT003,RM008,72,1,35,108,0,108,336,44,35,HSR,Pickles
18-07-2025 00:00,OUT003,RM008,99,1,30,130,0,130,0,44,35,HSR,Pickles
19-07-2025 00:00,OUT003,RM008,79,1,33,113,0,113,0,44,35,HSR,Pickles
20-07-2025 00:00,OUT003,RM008,61,1,31,93,0,93,0,44,35,HSR,Pickles
14-07-2025 00:00,OUT003,RM014,81,1,7,89,108,0,241,89,30,HSR,BBQ Sauce
15-07-2025 00:00,OUT003,RM014,73,1,9,83,19,64,0,89,30,HSR,BBQ Sauce
16-07-2025 00:00,OUT003,RM014,88,1,11,100,0,100,0,89,30,HSR,BBQ Sauce
17-07-2025 00:00,OUT003,RM014,65,1,11,77,0,77,233,89,30,HSR,BBQ Sauce
18-07-2025 00:00,OUT003,RM014,49,1,14,64,0,64,0,89,30,HSR,BBQ Sauce
19-07-2025 00:00,OUT003,RM014,99,1,20,120,0,120,0,89,30,HSR,BBQ Sauce
20-07-2025 00:00,OUT003,RM014,27,1,21,49,0,49,0,89,30,HSR,BBQ Sauce
14-07-2025 00:00,OUT003,RM015,17,1,30,48,194,0,201,51,45,HSR,Ketchup
15-07-2025 00:00,OUT003,RM015,75,1,38,114,146,0,0,51,45,HSR,Ketchup
16-07-2025 00:00,OUT003,RM015,93,1,35,129,32,97,0,51,45,HSR,Ketchup
17-07-2025 00:00,OUT003,RM015,63,1,40,104,0,104,308,51,45,HSR,Ketchup
18-07-2025 00:00,OUT003,RM015,70,1,42,113,0,113,0,51,45,HSR,Ketchup
19-07-2025 00:00,OUT003,RM015,56,1,39,96,0,96,0,51,45,HSR,Ketchup
20-07-2025 00:00,OUT003,RM015,64,1,34,99,0,99,0,51,45,HSR,Ketchup
14-07-2025 00:00,OUT003,RM016,94,2,33,129,210,0,227,54,35,HSR,Mustard Sauce
15-07-2025 00:00,OUT003,RM016,93,1,39,133,81,52,0,54,35,HSR,Mustard Sauce
16-07-2025 00:00,OUT003,RM016,44,1,32,77,0,77,0,54,35,HSR,Mustard Sauce
17-07-2025 00:00,OUT003,RM016,67,1,30,98,0,98,199,54,35,HSR,Mustard Sauce
18-07-2025 00:00,OUT003,RM016,41,1,29,71,0,71,0,54,35,HSR,Mustard Sauce
19-07-2025 00:00,OUT003,RM016,18,1,35,54,0,54,0,54,35,HSR,Mustard Sauce
20-07-2025 00:00,OUT003,RM016,37,1,36,74,0,74,0,54,35,HSR,Mustard Sauce
14-07-2025 00:00,OUT003,RM017,16,0,27,43,130,0,187,70,2,HSR,Coleslaw
15-07-2025 00:00,OUT003,RM017,24,2,32,58,87,0,0,70,2,HSR,Coleslaw
16-07-2025 00:00,OUT003,RM017,85,2,30,117,29,88,0,70,2,HSR,Coleslaw
17-07-2025 00:00,OUT003,RM017,72,2,25,99,0,99,307,70,2,HSR,Coleslaw
18-07-2025 00:00,OUT003,RM017,84,2,27,113,0,113,0,70,2,HSR,Coleslaw
19-07-2025 00:00,OUT003,RM017,61,2,26,89,0,89,0,70,2,HSR,Coleslaw
20-07-2025 00:00,OUT003,RM017,72,2,31,105,0,105,0,70,2,HSR,Coleslaw
14-07-2025 00:00,OUT003,RM018,22,2,38,62,143,0,218,41,7,HSR,Paneer Patty
15-07-2025 00:00,OUT003,RM018,62,1,40,103,81,22,0,41,7,HSR,Paneer Patty
16-07-2025 00:00,OUT003,RM018,87,1,37,125,0,125,0,41,7,HSR,Paneer Patty
17-07-2025 00:00,OUT003,RM018,26,1,44,71,0,71,239,41,7,HSR,Paneer Patty
18-07-2025 00:00,OUT003,RM018,32,1,46,79,0,79,0,41,7,HSR,Paneer Patty
19-07-2025 00:00,OUT003,RM018,26,1,50,77,0,77,0,41,7,HSR,Paneer Patty
20-07-2025 00:00,OUT003,RM018,34,1,48,83,0,83,0,41,7,HSR,Paneer Patty
14-07-2025 00:00,OUT003,RM019,24,2,29,55,196,0,119,60,50,HSR,Frozen Fries
15-07-2025 00:00,OUT003,RM019,65,1,29,95,141,0,0,60,50,HSR,Frozen Fries
16-07-2025 00:00,OUT003,RM019,85,1,24,110,46,64,0,60,50,HSR,Frozen Fries
17-07-2025 00:00,OUT003,RM019,26,1,28,55,0,55,226,60,50,HSR,Frozen Fries
18-07-2025 00:00,OUT003,RM019,46,1,30,77,0,77,0,60,50,HSR,Frozen Fries
19-07-2025 00:00,OUT003,RM019,19,1,32,52,0,52,0,60,50,HSR,Frozen Fries
20-07-2025 00:00,OUT003,RM019,57,1,39,97,0,97,0,60,50,HSR,Frozen Fries
14-07-2025 00:00,OUT003,RM020,84,1,41,126,131,0,303,45,6,HSR,Chicken Wings
15-07-2025 00:00,OUT003,RM020,12,2,33,47,5,42,0,45,6,HSR,Chicken Wings
16-07-2025 00:00,OUT003,RM020,87,2,38,127,0,127,0,45,6,HSR,Chicken Wings
17-07-2025 00:00,OUT003,RM020,95,2,37,134,0,134,305,45,6,HSR,Chicken Wings
18-07-2025 00:00,OUT003,RM020,17,2,44,63,0,63,0,45,6,HSR,Chicken Wings
19-07-2025 00:00,OUT003,RM020,93,2,44,139,0,139,0,45,6,HSR,Chicken Wings
20-07-2025 00:00,OUT003,RM020,67,2,34,103,0,103,0,45,6,HSR,Chicken Wings
14-07-2025 00:00,OUT003,RM021,93,2,26,121,179,0,129,72,10,HSR,Chicken Nuggets
15-07-2025 00:00,OUT003,RM021,75,1,22,98,58,40,0,72,10,HSR,Chicken Nuggets
16-07-2025 00:00,OUT003,RM021,25,1,20,46,0,46,0,72,10,HSR,Chicken Nuggets
17-07-2025 00:00,OUT003,RM021,22,1,20,43,0,43,188,72,10,HSR,Chicken Nuggets
18-07-2025 00:00,OUT003,RM021,40,1,25,66,0,66,0,72,10,HSR,Chicken Nuggets
19-07-2025 00:00,OUT003,RM021,32,1,33,66,0,66,0,72,10,HSR,Chicken Nuggets
20-07-2025 00:00,OUT003,RM021,16,1,39,56,0,56,0,72,10,HSR,Chicken Nuggets
14-07-2025 00:00,OUT003,RM022,48,2,41,91,195,0,129,42,9,HSR,Whopper Bun
15-07-2025 00:00,OUT003,RM022,35,2,39,76,104,0,0,42,9,HSR,Whopper Bun
16-07-2025 00:00,OUT003,RM022,48,2,37,87,28,59,0,42,9,HSR,Whopper Bun
17-07-2025 00:00,OUT003,RM022,34,2,34,70,0,70,294,42,9,HSR,Whopper Bun
18-07-2025 00:00,OUT003,RM022,46,2,33,81,0,81,0,42,9,HSR,Whopper Bun
19-07-2025 00:00,OUT003,RM022,76,2,12,90,0,90,0,42,9,HSR,Whopper Bun
20-07-2025 00:00,OUT003,RM022,94,2,27,123,0,123,0,42,9,HSR,Whopper Bun
14-07-2025 00:00,OUT003,RM023,50,2,37,89,217,0,123,36,4,HSR,Iceberg Lettuce
15-07-2025 00:00,OUT003,RM023,36,1,37,74,128,0,0,36,4,HSR,Iceberg Lettuce
16-07-2025 00:00,OUT003,RM023,34,1,35,70,54,16,0,36,4,HSR,Iceberg Lettuce
17-07-2025 00:00,OUT003,RM023,73,1,33,107,0,107,254,36,4,HSR,Iceberg Lettuce
18-07-2025 00:00,OUT003,RM023,43,1,30,74,0,74,0,36,4,HSR,Iceberg Lettuce
19-07-2025 00:00,OUT003,RM023,24,1,27,52,0,52,0,36,4,HSR,Iceberg Lettuce
20-07-2025 00:00,OUT003,RM023,93,1,34,128,0,128,0,36,4,HSR,Iceberg Lettuce
14-07-2025 00:00,OUT003,RM024,61,2,39,102,196,0,118,44,15,HSR,Tartar Sauce
15-07-2025 00:00,OUT003,RM024,63,1,21,85,94,0,0,44,15,HSR,Tartar Sauce
16-07-2025 00:00,OUT003,RM024,42,1,21,64,9,55,0,44,15,HSR,Tartar Sauce
17-07-2025 00:00,OUT003,RM024,40,1,22,63,0,63,246,44,15,HSR,Tartar Sauce
18-07-2025 00:00,OUT003,RM024,34,1,19,54,0,54,0,44,15,HSR,Tartar Sauce
19-07-2025 00:00,OUT003,RM024,93,1,22,116,0,116,0,44,15,HSR,Tartar Sauce
20-07-2025 00:00,OUT003,RM024,33,1,42,76,0,76,0,44,15,HSR,Tartar Sauce
14-07-2025 00:00,OUT003,RM025,26,1,33,60,121,0,182,62,15,HSR,Garlic Mayo
15-07-2025 00:00,OUT003,RM025,55,1,41,97,61,36,0,62,15,HSR,Garlic Mayo
16-07-2025 00:00,OUT003,RM025,18,1,42,61,0,61,0,62,15,HSR,Garlic Mayo
17-07-2025 00:00,OUT003,RM025,42,1,42,85,0,85,296,62,15,HSR,Garlic Mayo
18-07-2025 00:00,OUT003,RM025,84,1,45,130,0,130,0,62,15,HSR,Garlic Mayo
19-07-2025 00:00,OUT003,RM025,69,1,42,112,0,112,0,62,15,HSR,Garlic Mayo
20-07-2025 00:00,OUT003,RM025,18,1,35,54,0,54,0,62,15,HSR,Garlic Mayo
14-07-2025 00:00,OUT003,RM030,67,1,47,115,232,0,172,47,4,HSR,Choco Mousse
15-07-2025 00:00,OUT003,RM030,99,1,42,142,117,25,0,47,4,HSR,Choco Mousse
16-07-2025 00:00,OUT003,RM030,55,1,43,99,0,99,0,47,4,HSR,Choco Mousse
17-07-2025 00:00,OUT003,RM030,10,1,37,48,0,48,360,47,4,HSR,Choco Mousse
18-07-2025 00:00,OUT003,RM030,99,1,49,149,0,149,0,47,4,HSR,Choco Mousse
19-07-2025 00:00,OUT003,RM030,25,1,46,72,0,72,0,47,4,HSR,Choco Mousse
20-07-2025 00:00,OUT003,RM030,92,1,46,139,0,139,0,47,4,HSR,Choco Mousse
14-07-2025 00:00,OUT003,RM031,80,1,44,125,165,0,250,38,50,HSR,Peri Peri Seasoning
15-07-2025 00:00,OUT003,RM031,41,1,37,79,40,39,0,38,50,HSR,Peri Peri Seasoning
16-07-2025 00:00,OUT003,RM031,86,1,38,125,0,125,0,38,50,HSR,Peri Peri Seasoning
17-07-2025 00:00,OUT003,RM031,44,1,41,86,0,86,255,38,50,HSR,Peri Peri Seasoning
18-07-2025 00:00,OUT003,RM031,11,1,37,49,0,49,0,38,50,HSR,Peri Peri Seasoning
19-07-2025 00:00,OUT003,RM031,72,1,37,110,0,110,0,38,50,HSR,Peri Peri Seasoning
20-07-2025 00:00,OUT003,RM031,64,1,31,96,0,96,0,38,50,HSR,Peri Peri Seasoning
14-07-2025 00:00,OUT003,RM032,32,1,34,67,242,0,43,53,40,HSR,Crinkle Fries
15-07-2025 00:00,OUT003,RM032,13,1,36,50,175,0,0,53,40,HSR,Crinkle Fries
16-07-2025 00:00,OUT003,RM032,37,1,36,74,125,0,0,53,40,HSR,Crinkle Fries
17-07-2025 00:00,OUT003,RM032,56,1,37,94,51,43,249,53,40,HSR,Crinkle Fries
18-07-2025 00:00,OUT003,RM032,17,1,38,56,0,56,0,53,40,HSR,Crinkle Fries
19-07-2025 00:00,OUT003,RM032,89,1,40,130,0,130,0,53,40,HSR,Crinkle Fries
20-07-2025 00:00,OUT003,RM032,20,1,42,63,0,63,0,53,40,HSR,Crinkle Fries
14-07-2025 00:00,OUT003,RM033,26,1,17,44,119,0,127,59,20,HSR,Schezwan Sauce
15-07-2025 00:00,OUT003,RM033,70,1,22,93,75,18,0,59,20,HSR,Schezwan Sauce
16-07-2025 00:00,OUT003,RM033,15,1,23,39,0,39,0,59,20,HSR,Schezwan Sauce
17-07-2025 00:00,OUT003,RM033,43,1,26,70,0,70,226,59,20,HSR,Schezwan Sauce
18-07-2025 00:00,OUT003,RM033,48,1,26,75,0,75,0,59,20,HSR,Schezwan Sauce
19-07-2025 00:00,OUT003,RM033,62,1,26,89,0,89,0,59,20,HSR,Schezwan Sauce
20-07-2025 00:00,OUT003,RM033,36,1,25,62,0,62,0,59,20,HSR,Schezwan Sauce
14-07-2025 00:00,OUT003,RM034,92,1,26,119,106,13,356,55,35,HSR,Stuffing Mix
15-07-2025 00:00,OUT003,RM034,97,1,34,132,0,132,0,55,35,HSR,Stuffing Mix
16-07-2025 00:00,OUT003,RM034,92,1,28,121,0,121,0,55,35,HSR,Stuffing Mix
17-07-2025 00:00,OUT003,RM034,62,1,27,90,0,90,219,55,35,HSR,Stuffing Mix
18-07-2025 00:00,OUT003,RM034,70,1,24,95,0,95,0,55,35,HSR,Stuffing Mix
19-07-2025 00:00,OUT003,RM034,47,1,25,73,0,73,0,55,35,HSR,Stuffing Mix
20-07-2025 00:00,OUT003,RM034,30,1,20,51,0,51,0,55,35,HSR,Stuffing Mix
14-07-2025 00:00,OUT004,RM000,89,2,37,128,197,0,199,55,5,Indiranagar,Bun
15-07-2025 00:00,OUT004,RM000,71,1,34,106,69,37,0,55,5,Indiranagar,Bun
16-07-2025 00:00,OUT004,RM000,14,1,34,49,0,49,0,55,5,Indiranagar,Bun
17-07-2025 00:00,OUT004,RM000,69,1,43,113,0,113,272,55,5,Indiranagar,Bun
18-07-2025 00:00,OUT004,RM000,52,1,43,96,0,96,0,55,5,Indiranagar,Bun
19-07-2025 00:00,OUT004,RM000,71,1,41,113,0,113,0,55,5,Indiranagar,Bun
20-07-2025 00:00,OUT004,RM000,29,1,33,63,0,63,0,55,5,Indiranagar,Bun
14-07-2025 00:00,OUT004,RM001,44,2,46,92,100,0,229,45,7,Indiranagar,Veg Patty
15-07-2025 00:00,OUT004,RM001,44,1,23,68,8,60,0,45,7,Indiranagar,Veg Patty
16-07-2025 00:00,OUT004,RM001,71,1,22,94,0,94,0,45,7,Indiranagar,Veg Patty
17-07-2025 00:00,OUT004,RM001,43,1,31,75,0,75,210,45,7,Indiranagar,Veg Patty
18-07-2025 00:00,OUT004,RM001,70,1,29,100,0,100,0,45,7,Indiranagar,Veg Patty
19-07-2025 00:00,OUT004,RM001,19,1,28,48,0,48,0,45,7,Indiranagar,Veg Patty
20-07-2025 00:00,OUT004,RM001,33,1,28,62,0,62,0,45,7,Indiranagar,Veg Patty
14-07-2025 00:00,OUT004,RM002,25,2,39,66,153,0,138,56,7,Indiranagar,Chicken Patty
15-07-2025 00:00,OUT004,RM002,44,2,44,90,87,3,0,56,7,Indiranagar,Chicken Patty
16-07-2025 00:00,OUT004,RM002,29,2,39,70,0,70,0,56,7,Indiranagar,Chicken Patty
17-07-2025 00:00,OUT004,RM002,18,2,45,65,0,65,239,56,7,Indiranagar,Chicken Patty
18-07-2025 00:00,OUT004,RM002,32,2,50,84,0,84,0,56,7,Indiranagar,Chicken Patty
19-07-2025 00:00,OUT004,RM002,54,2,39,95,0,95,0,56,7,Indiranagar,Chicken Patty
20-07-2025 00:00,OUT004,RM002,37,2,21,60,0,60,0,56,7,Indiranagar,Chicken Patty
14-07-2025 00:00,OUT004,RM003,19,0,49,68,241,0,141,48,4,Indiranagar,Lettuce
15-07-2025 00:00,OUT004,RM003,69,2,49,120,173,0,0,48,4,Indiranagar,Lettuce
16-07-2025 00:00,OUT004,RM003,11,2,41,54,53,1,0,48,4,Indiranagar,Lettuce
17-07-2025 00:00,OUT004,RM003,88,2,50,140,0,140,343,48,4,Indiranagar,Lettuce
18-07-2025 00:00,OUT004,RM003,87,2,45,134,0,134,0,48,4,Indiranagar,Lettuce
19-07-2025 00:00,OUT004,RM003,60,2,35,97,0,97,0,48,4,Indiranagar,Lettuce
20-07-2025 00:00,OUT004,RM003,78,2,32,112,0,112,0,48,4,Indiranagar,Lettuce
14-07-2025 00:00,OUT004,RM004,25,2,26,53,101,0,261,68,3,Indiranagar,Tomato
15-07-2025 00:00,OUT004,RM004,80,1,34,115,48,67,0,68,3,Indiranagar,Tomato
16-07-2025 00:00,OUT004,RM004,50,1,35,86,0,86,0,68,3,Indiranagar,Tomato
17-07-2025 00:00,OUT004,RM004,68,1,39,108,0,108,258,68,3,Indiranagar,Tomato
18-07-2025 00:00,OUT004,RM004,44,1,29,74,0,74,0,68,3,Indiranagar,Tomato
19-07-2025 00:00,OUT004,RM004,68,1,30,99,0,99,0,68,3,Indiranagar,Tomato
20-07-2025 00:00,OUT004,RM004,55,1,29,85,0,85,0,68,3,Indiranagar,Tomato
14-07-2025 00:00,OUT004,RM005,26,2,21,49,199,0,151,62,8,Indiranagar,Onion
15-07-2025 00:00,OUT004,RM005,89,2,24,115,150,0,0,62,8,Indiranagar,Onion
16-07-2025 00:00,OUT004,RM005,78,2,21,101,35,66,0,62,8,Indiranagar,Onion
17-07-2025 00:00,OUT004,RM005,63,2,20,85,0,85,202,62,8,Indiranagar,Onion
18-07-2025 00:00,OUT004,RM005,31,2,22,55,0,55,0,62,8,Indiranagar,Onion
19-07-2025 00:00,OUT004,RM005,40,2,29,71,0,71,0,62,8,Indiranagar,Onion
20-07-2025 00:00,OUT004,RM005,43,2,31,76,0,76,0,62,8,Indiranagar,Onion
14-07-2025 00:00,OUT004,RM006,53,2,41,96,242,0,139,57,15,Indiranagar,Cheese Slice
15-07-2025 00:00,OUT004,RM006,30,2,39,71,146,0,0,57,15,Indiranagar,Cheese Slice
16-07-2025 00:00,OUT004,RM006,83,2,37,122,75,47,0,57,15,Indiranagar,Cheese Slice
17-07-2025 00:00,OUT004,RM006,62,2,28,92,0,92,252,57,15,Indiranagar,Cheese Slice
18-07-2025 00:00,OUT004,RM006,52,2,27,81,0,81,0,57,15,Indiranagar,Cheese Slice
19-07-2025 00:00,OUT004,RM006,52,2,28,82,0,82,0,57,15,Indiranagar,Cheese Slice
20-07-2025 00:00,OUT004,RM006,63,2,24,89,0,89,0,57,15,Indiranagar,Cheese Slice
14-07-2025 00:00,OUT004,RM007,86,1,36,123,161,0,187,60,30,Indiranagar,Mayo Sauce
15-07-2025 00:00,OUT004,RM007,49,1,36,86,38,48,0,60,30,Indiranagar,Mayo Sauce
16-07-2025 00:00,OUT004,RM007,48,1,31,80,0,80,0,60,30,Indiranagar,Mayo Sauce
17-07-2025 00:00,OUT004,RM007,28,1,30,59,0,59,315,60,30,Indiranagar,Mayo Sauce
18-07-2025 00:00,OUT004,RM007,93,1,29,123,0,123,0,60,30,Indiranagar,Mayo Sauce
19-07-2025 00:00,OUT004,RM007,63,1,34,98,0,98,0,60,30,Indiranagar,Mayo Sauce
20-07-2025 00:00,OUT004,RM007,57,1,36,94,0,94,0,60,30,Indiranagar,Mayo Sauce
14-07-2025 00:00,OUT004,RM008,58,1,42,101,163,0,232,50,35,Indiranagar,Pickles
15-07-2025 00:00,OUT004,RM008,45,1,42,88,62,26,0,50,35,Indiranagar,Pickles
16-07-2025 00:00,OUT004,RM008,43,1,40,84,0,84,0,50,35,Indiranagar,Pickles
17-07-2025 00:00,OUT004,RM008,83,1,38,122,0,122,362,50,35,Indiranagar,Pickles
18-07-2025 00:00,OUT004,RM008,92,1,32,125,0,125,0,50,35,Indiranagar,Pickles
19-07-2025 00:00,OUT004,RM008,92,1,28,121,0,121,0,50,35,Indiranagar,Pickles
20-07-2025 00:00,OUT004,RM008,87,1,28,116,0,116,0,50,35,Indiranagar,Pickles
14-07-2025 00:00,OUT004,RM014,50,1,27,78,219,0,94,41,30,Indiranagar,BBQ Sauce
15-07-2025 00:00,OUT004,RM014,22,1,28,51,141,0,0,41,30,Indiranagar,BBQ Sauce
16-07-2025 00:00,OUT004,RM014,36,1,31,68,90,0,0,41,30,Indiranagar,BBQ Sauce
17-07-2025 00:00,OUT004,RM014,98,1,17,116,22,94,308,41,30,Indiranagar,BBQ Sauce
18-07-2025 00:00,OUT004,RM014,94,1,55,150,0,150,0,41,30,Indiranagar,BBQ Sauce
19-07-2025 00:00,OUT004,RM014,36,1,46,83,0,83,0,41,30,Indiranagar,BBQ Sauce
20-07-2025 00:00,OUT004,RM014,26,1,48,75,0,75,0,41,30,Indiranagar,BBQ Sauce
14-07-2025 00:00,OUT004,RM015,43,1,22,66,137,0,185,62,45,Indiranagar,Ketchup
15-07-2025 00:00,OUT004,RM015,20,1,25,46,71,0,0,62,45,Indiranagar,Ketchup
16-07-2025 00:00,OUT004,RM015,93,1,32,126,25,101,0,62,45,Indiranagar,Ketchup
17-07-2025 00:00,OUT004,RM015,44,1,39,84,0,84,301,62,45,Indiranagar,Ketchup
18-07-2025 00:00,OUT004,RM015,49,1,44,94,0,94,0,62,45,Indiranagar,Ketchup
19-07-2025 00:00,OUT004,RM015,26,1,42,69,0,69,0,62,45,Indiranagar,Ketchup
20-07-2025 00:00,OUT004,RM015,93,1,44,138,0,138,0,62,45,Indiranagar,Ketchup
14-07-2025 00:00,OUT004,RM016,92,2,33,127,240,0,138,58,35,Indiranagar,Mustard Sauce
15-07-2025 00:00,OUT004,RM016,48,2,34,84,113,0,0,58,35,Indiranagar,Mustard Sauce
16-07-2025 00:00,OUT004,RM016,76,2,34,112,29,83,0,58,35,Indiranagar,Mustard Sauce
17-07-2025 00:00,OUT004,RM016,23,2,30,55,0,55,271,58,35,Indiranagar,Mustard Sauce
18-07-2025 00:00,OUT004,RM016,45,2,35,82,0,82,0,58,35,Indiranagar,Mustard Sauce
19-07-2025 00:00,OUT004,RM016,57,2,35,94,0,94,0,58,35,Indiranagar,Mustard Sauce
20-07-2025 00:00,OUT004,RM016,62,2,31,95,0,95,0,58,35,Indiranagar,Mustard Sauce
14-07-2025 00:00,OUT004,RM017,55,0,42,97,103,0,198,55,2,Indiranagar,Coleslaw
15-07-2025 00:00,OUT004,RM017,23,3,29,55,6,49,0,55,2,Indiranagar,Coleslaw
16-07-2025 00:00,OUT004,RM017,63,2,34,99,0,99,0,55,2,Indiranagar,Coleslaw
17-07-2025 00:00,OUT004,RM017,20,2,28,50,0,50,315,55,2,Indiranagar,Coleslaw
18-07-2025 00:00,OUT004,RM017,98,2,23,123,0,123,0,55,2,Indiranagar,Coleslaw
19-07-2025 00:00,OUT004,RM017,59,2,49,110,0,110,0,55,2,Indiranagar,Coleslaw
20-07-2025 00:00,OUT004,RM017,31,2,49,82,0,82,0,55,2,Indiranagar,Coleslaw
14-07-2025 00:00,OUT004,RM018,26,2,36,64,226,0,138,56,7,Indiranagar,Paneer Patty
15-07-2025 00:00,OUT004,RM018,46,1,38,85,162,0,0,56,7,Indiranagar,Paneer Patty
16-07-2025 00:00,OUT004,RM018,77,1,36,114,77,37,0,56,7,Indiranagar,Paneer Patty
17-07-2025 00:00,OUT004,RM018,72,1,28,101,0,101,235,56,7,Indiranagar,Paneer Patty
18-07-2025 00:00,OUT004,RM018,60,1,24,85,0,85,0,56,7,Indiranagar,Paneer Patty
19-07-2025 00:00,OUT004,RM018,45,1,24,70,0,70,0,56,7,Indiranagar,Paneer Patty
20-07-2025 00:00,OUT004,RM018,54,1,25,80,0,80,0,56,7,Indiranagar,Paneer Patty
14-07-2025 00:00,OUT004,RM019,21,1,32,54,159,0,202,67,50,Indiranagar,Frozen Fries
15-07-2025 00:00,OUT004,RM019,86,1,33,120,105,15,0,67,50,Indiranagar,Frozen Fries
16-07-2025 00:00,OUT004,RM019,49,1,24,74,0,74,0,67,50,Indiranagar,Frozen Fries
17-07-2025 00:00,OUT004,RM019,86,1,26,113,0,113,234,67,50,Indiranagar,Frozen Fries
18-07-2025 00:00,OUT004,RM019,57,1,23,81,0,81,0,67,50,Indiranagar,Frozen Fries
19-07-2025 00:00,OUT004,RM019,46,1,26,73,0,73,0,67,50,Indiranagar,Frozen Fries
20-07-2025 00:00,OUT004,RM019,49,1,30,80,0,80,0,67,50,Indiranagar,Frozen Fries
14-07-2025 00:00,OUT004,RM020,90,1,27,118,131,0,327,53,6,Indiranagar,Chicken Wings
15-07-2025 00:00,OUT004,RM020,70,2,34,106,13,93,0,53,6,Indiranagar,Chicken Wings
16-07-2025 00:00,OUT004,RM020,85,2,26,113,0,113,0,53,6,Indiranagar,Chicken Wings
17-07-2025 00:00,OUT004,RM020,99,2,20,121,0,121,276,53,6,Indiranagar,Chicken Wings
18-07-2025 00:00,OUT004,RM020,89,2,21,112,0,112,0,53,6,Indiranagar,Chicken Wings
19-07-2025 00:00,OUT004,RM020,36,2,15,53,0,53,0,53,6,Indiranagar,Chicken Wings
20-07-2025 00:00,OUT004,RM020,87,2,22,111,0,111,0,53,6,Indiranagar,Chicken Wings
14-07-2025 00:00,OUT004,RM021,32,2,33,67,207,0,103,61,10,Indiranagar,Chicken Nuggets
15-07-2025 00:00,OUT004,RM021,29,1,39,69,140,0,0,61,10,Indiranagar,Chicken Nuggets
16-07-2025 00:00,OUT004,RM021,29,1,43,73,71,2,0,61,10,Indiranagar,Chicken Nuggets
17-07-2025 00:00,OUT004,RM021,57,1,43,101,0,101,285,61,10,Indiranagar,Chicken Nuggets
18-07-2025 00:00,OUT004,RM021,74,1,37,112,0,112,0,61,10,Indiranagar,Chicken Nuggets
19-07-2025 00:00,OUT004,RM021,24,1,25,50,0,50,0,61,10,Indiranagar,Chicken Nuggets
20-07-2025 00:00,OUT004,RM021,92,1,30,123,0,123,0,61,10,Indiranagar,Chicken Nuggets
14-07-2025 00:00,OUT004,RM022,34,2,46,82,106,0,281,47,9,Indiranagar,Whopper Bun
15-07-2025 00:00,OUT004,RM022,14,2,51,67,24,43,0,47,9,Indiranagar,Whopper Bun
16-07-2025 00:00,OUT004,RM022,80,2,51,133,0,133,0,47,9,Indiranagar,Whopper Bun
17-07-2025 00:00,OUT004,RM022,61,2,42,105,0,105,310,47,9,Indiranagar,Whopper Bun
18-07-2025 00:00,OUT004,RM022,42,2,44,88,0,88,0,47,9,Indiranagar,Whopper Bun
19-07-2025 00:00,OUT004,RM022,43,2,39,84,0,84,0,47,9,Indiranagar,Whopper Bun
20-07-2025 00:00,OUT004,RM022,99,2,37,138,0,138,0,47,9,Indiranagar,Whopper Bun
14-07-2025 00:00,OUT004,RM023,14,2,34,50,143,0,206,57,4,Indiranagar,Iceberg Lettuce
15-07-2025 00:00,OUT004,RM023,73,1,44,118,93,25,0,57,4,Indiranagar,Iceberg Lettuce
16-07-2025 00:00,OUT004,RM023,81,1,44,126,0,126,0,57,4,Indiranagar,Iceberg Lettuce
17-07-2025 00:00,OUT004,RM023,19,1,35,55,0,55,259,57,4,Indiranagar,Iceberg Lettuce
18-07-2025 00:00,OUT004,RM023,79,1,36,116,0,116,0,57,4,Indiranagar,Iceberg Lettuce
19-07-2025 00:00,OUT004,RM023,35,1,29,65,0,65,0,57,4,Indiranagar,Iceberg Lettuce
20-07-2025 00:00,OUT004,RM023,42,1,35,78,0,78,0,57,4,Indiranagar,Iceberg Lettuce
14-07-2025 00:00,OUT004,RM024,85,2,31,118,102,16,276,68,15,Indiranagar,Tartar Sauce
15-07-2025 00:00,OUT004,RM024,11,1,32,44,0,44,0,68,15,Indiranagar,Tartar Sauce
16-07-2025 00:00,OUT004,RM024,65,2,34,101,0,101,0,68,15,Indiranagar,Tartar Sauce
17-07-2025 00:00,OUT004,RM024,89,2,24,115,0,115,237,68,15,Indiranagar,Tartar Sauce
18-07-2025 00:00,OUT004,RM024,29,2,21,52,0,52,0,68,15,Indiranagar,Tartar Sauce
19-07-2025 00:00,OUT004,RM024,61,2,28,91,0,91,0,68,15,Indiranagar,Tartar Sauce
20-07-2025 00:00,OUT004,RM024,63,2,29,94,0,94,0,68,15,Indiranagar,Tartar Sauce
14-07-2025 00:00,OUT004,RM025,69,1,49,119,191,0,189,47,15,Indiranagar,Garlic Mayo
15-07-2025 00:00,OUT004,RM025,16,1,38,55,72,0,0,47,15,Indiranagar,Garlic Mayo
16-07-2025 00:00,OUT004,RM025,89,1,46,136,17,119,0,47,15,Indiranagar,Garlic Mayo
17-07-2025 00:00,OUT004,RM025,24,1,45,70,0,70,257,47,15,Indiranagar,Garlic Mayo
18-07-2025 00:00,OUT004,RM025,57,1,44,102,0,102,0,47,15,Indiranagar,Garlic Mayo
19-07-2025 00:00,OUT004,RM025,16,1,38,55,0,55,0,47,15,Indiranagar,Garlic Mayo
20-07-2025 00:00,OUT004,RM025,60,1,39,100,0,100,0,47,15,Indiranagar,Garlic Mayo
14-07-2025 00:00,OUT004,RM030,50,1,31,82,164,0,216,67,4,Indiranagar,Choco Mousse
15-07-2025 00:00,OUT004,RM030,50,1,37,88,82,6,0,67,4,Indiranagar,Choco Mousse
16-07-2025 00:00,OUT004,RM030,48,1,38,87,0,87,0,67,4,Indiranagar,Choco Mousse
17-07-2025 00:00,OUT004,RM030,80,1,42,123,0,123,362,67,4,Indiranagar,Choco Mousse
18-07-2025 00:00,OUT004,RM030,85,1,41,127,0,127,0,67,4,Indiranagar,Choco Mousse
19-07-2025 00:00,OUT004,RM030,95,1,30,126,0,126,0,67,4,Indiranagar,Choco Mousse
20-07-2025 00:00,OUT004,RM030,82,1,26,109,0,109,0,67,4,Indiranagar,Choco Mousse
14-07-2025 00:00,OUT004,RM031,96,1,46,143,171,0,200,48,50,Indiranagar,Peri Peri Seasoning
15-07-2025 00:00,OUT004,RM031,59,1,39,99,28,71,0,48,50,Indiranagar,Peri Peri Seasoning
16-07-2025 00:00,OUT004,RM031,30,1,33,64,0,64,0,48,50,Indiranagar,Peri Peri Seasoning
17-07-2025 00:00,OUT004,RM031,32,1,32,65,0,65,251,48,50,Indiranagar,Peri Peri Seasoning
18-07-2025 00:00,OUT004,RM031,11,1,30,42,0,42,0,48,50,Indiranagar,Peri Peri Seasoning
19-07-2025 00:00,OUT004,RM031,55,1,42,98,0,98,0,48,50,Indiranagar,Peri Peri Seasoning
20-07-2025 00:00,OUT004,RM031,67,1,43,111,0,111,0,48,50,Indiranagar,Peri Peri Seasoning
14-07-2025 00:00,OUT004,RM032,36,1,32,69,140,0,218,64,40,Indiranagar,Crinkle Fries
15-07-2025 00:00,OUT004,RM032,37,1,38,76,71,5,0,64,40,Indiranagar,Crinkle Fries
16-07-2025 00:00,OUT004,RM032,57,1,41,99,0,99,0,64,40,Indiranagar,Crinkle Fries
17-07-2025 00:00,OUT004,RM032,76,1,37,114,0,114,259,64,40,Indiranagar,Crinkle Fries
18-07-2025 00:00,OUT004,RM032,14,1,29,44,0,44,0,64,40,Indiranagar,Crinkle Fries
19-07-2025 00:00,OUT004,RM032,79,1,36,116,0,116,0,64,40,Indiranagar,Crinkle Fries
20-07-2025 00:00,OUT004,RM032,66,1,32,99,0,99,0,64,40,Indiranagar,Crinkle Fries
14-07-2025 00:00,OUT004,RM033,22,1,21,44,209,0,76,70,20,Indiranagar,Schezwan Sauce
15-07-2025 00:00,OUT004,RM033,93,1,31,125,165,0,0,70,20,Indiranagar,Schezwan Sauce
16-07-2025 00:00,OUT004,RM033,12,1,28,41,40,1,0,70,20,Indiranagar,Schezwan Sauce
17-07-2025 00:00,OUT004,RM033,36,1,38,75,0,75,341,70,20,Indiranagar,Schezwan Sauce
18-07-2025 00:00,OUT004,RM033,91,1,44,136,0,136,0,70,20,Indiranagar,Schezwan Sauce
19-07-2025 00:00,OUT004,RM033,94,1,35,130,0,130,0,70,20,Indiranagar,Schezwan Sauce
20-07-2025 00:00,OUT004,RM033,43,1,31,75,0,75,0,70,20,Indiranagar,Schezwan Sauce
14-07-2025 00:00,OUT004,RM034,65,1,40,106,118,0,177,55,35,Indiranagar,Stuffing Mix
15-07-2025 00:00,OUT004,RM034,27,1,37,65,12,53,0,55,35,Indiranagar,Stuffing Mix
16-07-2025 00:00,OUT004,RM034,14,1,36,51,0,51,0,55,35,Indiranagar,Stuffing Mix
17-07-2025 00:00,OUT004,RM034,29,1,43,73,0,73,321,55,35,Indiranagar,Stuffing Mix
18-07-2025 00:00,OUT004,RM034,42,1,43,86,0,86,0,55,35,Indiranagar,Stuffing Mix
19-07-2025 00:00,OUT004,RM034,77,1,27,105,0,105,0,55,35,Indiranagar,Stuffing Mix
20-07-2025 00:00,OUT004,RM034,97,1,32,130,0,130,0,55,35,Indiranagar,Stuffing Mix
